"Factura","Material"
6246082541,1113
6246082541,1113
6246082541,1117
6246082541,1117
6246082541,1129
6246082541,1129
6246082541,1138
6246082541,1138
6246082541,1139
6246082541,1139
6246082541,1140
6246082541,1140
6246082541,1142
6246082541,1142
6246082541,1143
6246082541,1143
6246082541,1144
6246082541,1144
6246082541,1147
6246082541,1147
6246082541,1181
6246082541,1181
6246082541,1191
6246082541,1191
6246082559,678
6246082559,759
6246082559,1081
6246082559,1300
6246082559,1441
6246082559,2126
6246082559,2135
6246082559,2151
6246082559,2177
6246082559,2191
6246082559,14769
6246082559,2217
6246082559,2225
6246082559,13378
6246082559,6091
6246082559,6126
6246082559,6137
6246082559,7357
6246082559,7466
6246082559,7472
6246082559,14685
6246082559,9570
6246082559,9592
6246082559,13881
6246082559,1408
6246082559,9981
6246082559,10489
6246082559,10494
6246082559,10674
6246082559,10796
6246082559,10801
6246082559,10969
6246082559,11362
6246082559,11962
6246082670,739
6246082670,759
6246082670,1049
6246082670,1164
6246082670,17490
6246082670,17583
6246082670,2127
6246082670,2135
6246082670,2164
6246082670,2191
6246082670,2199
6246082670,13982
6246082670,6079
6246082670,7388
6246082670,7443
6246082670,7466
6246082670,15761
6246082670,9570
6246082670,9577
6246082670,13881
6246082670,1408
6246082670,10489
6246082670,10494
6246082670,9535
6246082670,10659
6246082670,10671
6246082670,11347
6246082670,11348
6246082670,11389
6246082723,14674
6246082723,456
6246082723,7050
6246082723,7327
6246082723,7855
6246082723,7879
6246082723,7964
6246082723,7965
6246082723,9462
6246082723,9492
6246082723,9457
6246082723,9916
6246082723,9918
6246082723,9919
6246082723,9922
6246082723,10635
6246082723,11359
6246082774,492
6246082774,679
6246082774,746
6246082774,757
6246082774,775
6246082774,939
6246082774,1034
6246082774,1062
6246082774,1121
6246082774,1130
6246082774,1430
6246082774,1441
6246082774,1484
6246082774,17583
6246082774,2126
6246082774,2127
6246082774,2164
6246082774,2174
6246082774,2175
6246082774,2177
6246082774,2199
6246082774,13982
6246082774,2213
6246082774,2246
6246082774,2325
6246082774,2344
6246082774,2638
6246082774,13377
6246082774,13378
6246082774,15497
6246082774,5713
6246082774,5890
6246082774,5996
6246082774,6034
6246082774,6042
6246082774,6079
6246082774,6091
6246082774,6100
6246082774,6137
6246082774,6151
6246082774,7061
6246082774,7357
6246082774,7388
6246082774,7390
6246082774,7443
6246082774,7466
6246082774,14685
6246082774,9334
6246082774,9500
6246082774,9559
6246082774,9567
6246082774,9570
6246082774,9577
6246082774,9578
6246082774,9592
6246082774,13881
6246082774,1408
6246082774,10494
6246082774,10659
6246082774,10674
6246082774,10706
6246082774,10957
6246082774,11347
6246082774,11364
6246082774,11371
6246082774,15095
6246082978,67
6246082978,164
6246082978,208
6246082978,411
6246082978,414
6246082978,425
6246082978,458
6246082978,495
6246082978,514
6246082978,515
6246082978,548
6246082978,595
6246082978,599
6246082978,600
6246082978,644
6246082978,687
6246082978,747
6246082978,848
6246082978,865
6246082978,954
6246082978,1023
6246082978,1061
6246082978,1129
6246082978,1164
6246082978,1378
6246082978,1393
6246082978,1414
6246082978,1437
6246082978,1442
6246082978,1467
6246082978,1539
6246082978,16466
6246082978,1572
6246082978,1579
6246082978,1811
6246082978,13435
6246082978,1909
6246082978,1938
6246082978,2024
6246082978,2104
6246082978,2126
6246082978,2244
6246082978,2280
6246082978,17581
6246082978,2303
6246082978,2342
6246082978,2357
6246082978,2419
6246082978,2426
6246082978,2452
6246082978,2631
6246082978,2641
6246082978,2644
6246082978,2651
6246082978,2652
6246082978,2653
6246082978,2664
6246082978,2671
6246082978,3033
6246082978,3443
6246082978,3827
6246082978,4486
6246082978,4559
6246082978,4666
6246082978,5070
6246082978,5093
6246082978,5182
6246082978,1210
6246082978,2304
6246082978,7724
6246082978,5679
6246082978,5682
6246082978,5882
6246082978,5888
6246082978,5897
6246082978,5898
6246082978,5946
6246082978,6198
6246082978,6200
6246082978,15407
6246082978,15408
6246082978,15409
6246082978,15410
6246082978,15461
6246082978,6664
6246082978,17781
6246082978,6746
6246082978,6778
6246082978,6789
6246082978,6791
6246082978,6810
6246082978,6814
6246082978,6815
6246082978,6834
6246082978,6844
6246082978,6895
6246082978,6931
6246082978,7058
6246082978,7389
6246082978,14685
6246082978,7526
6246082978,7759
6246082978,7870
6246082978,7974
6246082978,7982
6246082978,7992
6246082978,7993
6246082978,7994
6246082978,7997
6246082978,8001
6246082978,8009
6246082978,8011
6246082978,8012
6246082978,8013
6246082978,8014
6246082978,8060
6246082978,5325
6246082978,5326
6246082978,8170
6246082978,8179
6246082978,13723
6246082978,3517
6246082978,8755
6246082978,8756
6246082978,8760
6246082978,8761
6246082978,9163
6246082978,9209
6246082978,9220
6246082978,9232
6246082978,9266
6246082978,9267
6246082978,9278
6246082978,9286
6246082978,9302
6246082978,1171
6246082978,9486
6246082978,17231
6246082978,9828
6246082978,9844
6246082978,9857
6246082978,9811
6246082978,9812
6246082978,9931
6246082978,10402
6246082978,10477
6246082978,13560
6246082978,10493
6246082978,10505
6246082978,10510
6246082978,10511
6246082978,10514
6246082978,10519
6246082978,10531
6246082978,10603
6246082978,10605
6246082978,10650
6246082978,10799
6246082978,13440
6246082978,10918
6246082978,10926
6246082978,10928
6246082978,10930
6246082978,10937
6246082978,10939
6246082978,10942
6246082978,10951
6246082978,10954
6246082978,10955
6246082978,10959
6246082978,10969
6246082978,10975
6246082978,11097
6246082978,11098
6246082978,11122
6246082978,11163
6246082978,11174
6246082978,11208
6246082978,11249
6246082978,11263
6246082978,11270
6246082978,11302
6246082978,11303
6246082978,11312
6246082978,11347
6246082978,11355
6246082978,11364
6246082978,11376
6246082978,11390
6246082978,11845
6246082978,11946
6246082978,11990
6246082978,12008
6246082978,12250
6246082978,14385
6246082978,14673
6246083000,31
6246083000,32
6246083000,249
6246083000,412
6246083000,414
6246083000,415
6246083000,416
6246083000,418
6246083000,448
6246083000,497
6246083000,514
6246083000,550
6246083000,598
6246083000,603
6246083000,653
6246083000,687
6246083000,13799
6246083000,736
6246083000,747
6246083000,757
6246083000,866
6246083000,867
6246083000,897
6246083000,901
6246083000,952
6246083000,954
6246083000,966
6246083000,1001
6246083000,1034
6246083000,1035
6246083000,1378
6246083000,1388
6246083000,1405
6246083000,1414
6246083000,1416
6246083000,1420
6246083000,1430
6246083000,1482
6246083000,1484
6246083000,17583
6246083000,1874
6246083000,4878
6246083000,4879
6246083000,1915
6246083000,1929
6246083000,1950
6246083000,1998
6246083000,2030
6246083000,2123
6246083000,2124
6246083000,2125
6246083000,2126
6246083000,2130
6246083000,2152
6246083000,2154
6246083000,2155
6246083000,2241
6246083000,2254
6246083000,2269
6246083000,2272
6246083000,2273
6246083000,1533
6246083000,2325
6246083000,2411
6246083000,2412
6246083000,2417
6246083000,2422
6246083000,2427
6246083000,2452
6246083000,2458
6246083000,2461
6246083000,2462
6246083000,2534
6246083000,2631
6246083000,2632
6246083000,2633
6246083000,2634
6246083000,2635
6246083000,2640
6246083000,2644
6246083000,2645
6246083000,2646
6246083000,2652
6246083000,2653
6246083000,2654
6246083000,2656
6246083000,2664
6246083000,2669
6246083000,2670
6246083000,2671
6246083000,2677
6246083000,3033
6246083000,3048
6246083000,3049
6246083000,3600
6246083000,3605
6246083000,4561
6246083000,5115
6246083000,5167
6246083000,5168
6246083000,5174
6246083000,5209
6246083000,5241
6246083000,5242
6246083000,5243
6246083000,5246
6246083000,1228
6246083000,1245
6246083000,2297
6246083000,2304
6246083000,5462
6246083000,5463
6246083000,5464
6246083000,5650
6246083000,5655
6246083000,5656
6246083000,5666
6246083000,5706
6246083000,5713
6246083000,5887
6246083000,5888
6246083000,5957
6246083000,6664
6246083000,6738
6246083000,6739
6246083000,6743
6246083000,6747
6246083000,6749
6246083000,6756
6246083000,6757
6246083000,6759
6246083000,6765
6246083000,6778
6246083000,6779
6246083000,6787
6246083000,6789
6246083000,6791
6246083000,6793
6246083000,6796
6246083000,6810
6246083000,6818
6246083000,6839
6246083000,6857
6246083000,6859
6246083000,6875
6246083000,6893
6246083000,7055
6246083000,7290
6246083000,7293
6246083000,7748
6246083000,7749
6246083000,7787
6246083000,7796
6246083000,7804
6246083000,7861
6246083000,7862
6246083000,7993
6246083000,8014
6246083000,8047
6246083000,8061
6246083000,8176
6246083000,8177
6246083000,8228
6246083000,8229
6246083000,8231
6246083000,9184
6246083000,9187
6246083000,9190
6246083000,9193
6246083000,9207
6246083000,9302
6246083000,1171
6246083000,9807
6246083000,9930
6246083000,9939
6246083000,10489
6246083000,10492
6246083000,10502
6246083000,10508
6246083000,10509
6246083000,10510
6246083000,10511
6246083000,10512
6246083000,10516
6246083000,10519
6246083000,10520
6246083000,10521
6246083000,10522
6246083000,10529
6246083000,10533
6246083000,10551
6246083000,10580
6246083000,10582
6246083000,10609
6246083000,10610
6246083000,10611
6246083000,10638
6246083000,16967
6246083000,5723
6246083000,5725
6246083000,5726
6246083000,5728
6246083000,5729
6246083000,5731
6246083000,5732
6246083000,10612
6246083000,10613
6246083000,10623
6246083000,10624
6246083000,10625
6246083000,10626
6246083000,10646
6246083000,10650
6246083000,10654
6246083000,10669
6246083000,10675
6246083000,10676
6246083000,10799
6246083000,10804
6246083000,10916
6246083000,10917
6246083000,10922
6246083000,10923
6246083000,10924
6246083000,10926
6246083000,10927
6246083000,10928
6246083000,10937
6246083000,10939
6246083000,10942
6246083000,10948
6246083000,10959
6246083000,10965
6246083000,10966
6246083000,10971
6246083000,10981
6246083000,10997
6246083000,10999
6246083000,11003
6246083000,11024
6246083000,11029
6246083000,11031
6246083000,11122
6246083000,11154
6246083000,11155
6246083000,11162
6246083000,11167
6246083000,11172
6246083000,11174
6246083000,11193
6246083000,11216
6246083000,11262
6246083000,11263
6246083000,11346
6246083000,11347
6246083000,11348
6246083000,11349
6246083000,11350
6246083000,11368
6246083000,11371
6246083000,11376
6246083000,11379
6246083000,11389
6246083000,11689
6246083000,11845
6246083000,12000
6246083000,12372
6246083000,12374
6246083023,40
6246083023,233
6246083023,17189
6246083023,275
6246083023,411
6246083023,595
6246083023,650
6246083023,672
6246083023,16523
6246083023,739
6246083023,750
6246083023,822
6246083023,916
6246083023,939
6246083023,1070
6246083023,1091
6246083023,1123
6246083023,1138
6246083023,1181
6246083023,1195
6246083023,1378
6246083023,1425
6246083023,1430
6246083023,1484
6246083023,17583
6246083023,1587
6246083023,1815
6246083023,1818
6246083023,13581
6246083023,1948
6246083023,1950
6246083023,1954
6246083023,1955
6246083023,2031
6246083023,2126
6246083023,2127
6246083023,2139
6246083023,2175
6246083023,2191
6246083023,2199
6246083023,2232
6246083023,2238
6246083023,2259
6246083023,2261
6246083023,2266
6246083023,15981
6246083023,2311
6246083023,2326
6246083023,2340
6246083023,2341
6246083023,2344
6246083023,2417
6246083023,2464
6246083023,2631
6246083023,2632
6246083023,2635
6246083023,2652
6246083023,2653
6246083023,2659
6246083023,2664
6246083023,2666
6246083023,2670
6246083023,2672
6246083023,2676
6246083023,2731
6246083023,3424
6246083023,3692
6246083023,3901
6246083023,3902
6246083023,3905
6246083023,3959
6246083023,4377
6246083023,4395
6246083023,4397
6246083023,4404
6246083023,15173
6246083023,4533
6246083023,4540
6246083023,4545
6246083023,4576
6246083023,4595
6246083023,4706
6246083023,4712
6246083023,5087
6246083023,5160
6246083023,5199
6246083023,5216
6246083023,5246
6246083023,1246
6246083023,5464
6246083023,5465
6246083023,5468
6246083023,5470
6246083023,5705
6246083023,5717
6246083023,5744
6246083023,5814
6246083023,5886
6246083023,5887
6246083023,5890
6246083023,5891
6246083023,5909
6246083023,9153
6246083023,5966
6246083023,6008
6246083023,6046
6246083023,6126
6246083023,6679
6246083023,6779
6246083023,6824
6246083023,6878
6246083023,6930
6246083023,7080
6246083023,7149
6246083023,18381
6246083023,7304
6246083023,7348
6246083023,7354
6246083023,7357
6246083023,7365
6246083023,7404
6246083023,7451
6246083023,12750
6246083023,7976
6246083023,7980
6246083023,7996
6246083023,7998
6246083023,8003
6246083023,12752
6246083023,5712
6246083023,8162
6246083023,8177
6246083023,8236
6246083023,8259
6246083023,8273
6246083023,8364
6246083023,8375
6246083023,8406
6246083023,8500
6246083023,9020
6246083023,13357
6246083023,9177
6246083023,9205
6246083023,9250
6246083023,9302
6246083023,9334
6246083023,9443
6246083023,9444
6246083023,9486
6246083023,9574
6246083023,9792
6246083023,9789
6246083023,9821
6246083023,9823
6246083023,9930
6246083023,9936
6246083023,9953
6246083023,10492
6246083023,10505
6246083023,10520
6246083023,5725
6246083023,10616
6246083023,10624
6246083023,10673
6246083023,10675
6246083023,10799
6246083023,13147
6246083023,10923
6246083023,10926
6246083023,10928
6246083023,10930
6246083023,10937
6246083023,10946
6246083023,10951
6246083023,10960
6246083023,10969
6246083023,11021
6246083023,11022
6246083023,11097
6246083023,11163
6246083023,11222
6246083023,11343
6246083023,11347
6246083023,11392
6246083023,11581
6246083023,11718
6246083023,11829
6246083023,12109
6246083023,12176
6246083023,12385
6246083043,58
6246083043,158
6246083043,753
6246083043,758
6246083043,766
6246083043,914
6246083043,1086
6246083043,1192
6246083043,13152
6246083043,17490
6246083043,2034
6246083043,2133
6246083043,2143
6246083043,2158
6246083043,3789
6246083043,4668
6246083043,4717
6246083043,13900
6246083043,6028
6246083043,6074
6246083043,6078
6246083043,6079
6246083043,6091
6246083043,7417
6246083043,7421
6246083043,7425
6246083043,14684
6246083043,7793
6246083043,7847
6246083043,7983
6246083043,7991
6246083043,9456
6246083043,9586
6246083043,9599
6246083043,10494
6246083043,10673
6246083043,16555
6246083043,11583
6246083043,11605
6246083043,11697
6246083089,773
6246083089,17243
6246083089,1050
6246083089,1421
6246083089,1430
6246083089,1441
6246083089,17583
6246083089,2126
6246083089,2135
6246083089,2158
6246083089,2192
6246083089,13984
6246083089,2213
6246083089,2230
6246083089,2534
6246083089,5834
6246083089,6079
6246083089,6089
6246083089,6091
6246083089,7348
6246083089,7357
6246083089,7388
6246083089,7389
6246083089,7390
6246083089,7397
6246083089,7443
6246083089,7444
6246083089,14685
6246083089,15761
6246083089,16627
6246083089,9577
6246083089,9592
6246083089,10489
6246083089,10659
6246083089,11362
6246083089,11371
6246083089,11389
6246083089,11400
6246083099,671
6246083099,739
6246083099,17243
6246083099,12939
6246083099,1430
6246083099,1836
6246083099,2135
6246083099,2139
6246083099,2175
6246083099,2177
6246083099,14932
6246083099,2226
6246083099,12652
6246083099,6089
6246083099,6137
6246083099,12916
6246083099,7357
6246083099,7362
6246083099,7388
6246083099,7389
6246083099,7390
6246083099,7443
6246083099,15761
6246083099,9541
6246083099,9567
6246083099,9570
6246083099,9592
6246083099,13881
6246083099,10489
6246083099,10494
6246083099,10623
6246083099,10705
6246083099,10969
6246083099,11263
6246083099,11362
6246083099,11400
6246083135,478
6246083135,661
6246083135,739
6246083135,773
6246083135,1034
6246083135,1050
6246083135,1078
6246083135,13153
6246083135,16322
6246083135,1466
6246083135,17583
6246083135,14086
6246083135,2126
6246083135,2127
6246083135,2135
6246083135,2158
6246083135,2164
6246083135,2174
6246083135,2175
6246083135,2177
6246083135,2189
6246083135,13984
6246083135,2214
6246083135,2225
6246083135,2247
6246083135,3810
6246083135,4204
6246083135,4958
6246083135,5489
6246083135,5836
6246083135,6079
6246083135,6089
6246083135,6091
6246083135,6126
6246083135,7347
6246083135,7348
6246083135,7357
6246083135,7389
6246083135,7466
6246083135,14685
6246083135,15761
6246083135,8010
6246083135,9192
6246083135,9567
6246083135,9568
6246083135,9577
6246083135,9578
6246083135,9592
6246083135,13353
6246083135,1408
6246083135,10489
6246083135,10494
6246083135,10646
6246083135,10659
6246083135,10674
6246083135,10969
6246083135,11276
6246083135,11364
6246083135,11371
6246083135,11400
6246083135,11694
6246083135,11962
6246083322,13549
6246083322,2409
6246083322,5172
6246083322,5204
6246083322,5220
6246083322,5337
6246083322,5682
6246083322,5720
6246083322,6789
6246083322,6803
6246083322,15179
6246083322,7898
6246083322,7899
6246083322,8161
6246083322,8177
6246083322,11029
6246083350,14525
6246083350,496
6246083350,661
6246083350,739
6246083350,775
6246083350,17243
6246083350,1050
6246083350,1164
6246083350,16841
6246083350,1441
6246083350,1539
6246083350,17583
6246083350,2126
6246083350,2127
6246083350,2135
6246083350,2139
6246083350,2151
6246083350,2158
6246083350,2164
6246083350,2174
6246083350,2175
6246083350,2177
6246083350,2180
6246083350,2189
6246083350,2199
6246083350,13982
6246083350,13984
6246083350,14932
6246083350,2239
6246083350,2246
6246083350,3798
6246083350,4403
6246083350,6079
6246083350,6091
6246083350,6126
6246083350,7208
6246083350,17869
6246083350,7348
6246083350,7357
6246083350,7367
6246083350,7411
6246083350,7425
6246083350,7466
6246083350,7477
6246083350,14682
6246083350,14685
6246083350,15761
6246083350,7844
6246083350,9201
6246083350,9485
6246083350,9570
6246083350,9577
6246083350,9578
6246083350,9592
6246083350,1408
6246083350,10489
6246083350,10491
6246083350,10494
6246083350,9535
6246083350,10657
6246083350,10683
6246083350,10706
6246083350,10801
6246083350,10804
6246083350,13150
6246083350,11360
6246083350,11362
6246083350,11400
6246083350,11962
6246083350,12000
6246083438,681
6246083438,739
6246083438,759
6246083438,775
6246083438,966
6246083438,1034
6246083438,1164
6246083438,1165
6246083438,1422
6246083438,1430
6246083438,1441
6246083438,2126
6246083438,2127
6246083438,2139
6246083438,2151
6246083438,2164
6246083438,2174
6246083438,2177
6246083438,2191
6246083438,2192
6246083438,2199
6246083438,13982
6246083438,14932
6246083438,2357
6246083438,13377
6246083438,13378
6246083438,5834
6246083438,6079
6246083438,6089
6246083438,6091
6246083438,6126
6246083438,6313
6246083438,6882
6246083438,7347
6246083438,7348
6246083438,7357
6246083438,7388
6246083438,7389
6246083438,7390
6246083438,7394
6246083438,7443
6246083438,7477
6246083438,14682
6246083438,14683
6246083438,14685
6246083438,15761
6246083438,9280
6246083438,9567
6246083438,9592
6246083438,13881
6246083438,1408
6246083438,10396
6246083438,10489
6246083438,10494
6246083438,9535
6246083438,10646
6246083438,10659
6246083438,10674
6246083438,10696
6246083438,10969
6246083438,11347
6246083438,11348
6246083438,11362
6246083438,11371
6246083438,11400
6246083438,11962
6246083735,661
6246083735,739
6246083735,753
6246083735,759
6246083735,766
6246083735,938
6246083735,1034
6246083735,1430
6246083735,2126
6246083735,2127
6246083735,2135
6246083735,2151
6246083735,2175
6246083735,2192
6246083735,2199
6246083735,13982
6246083735,2342
6246083735,3798
6246083735,6079
6246083735,6091
6246083735,6126
6246083735,7337
6246083735,7347
6246083735,7388
6246083735,7389
6246083735,7440
6246083735,7477
6246083735,9567
6246083735,9577
6246083735,9592
6246083735,13881
6246083735,10646
6246083735,10657
6246083735,10659
6246083735,10671
6246083735,10674
6246083735,10706
6246083735,11348
6246083735,11371
6246083735,11389
6246084044,98
6246084044,152
6246084044,234
6246084044,372
6246084044,546
6246084044,579
6246084044,659
6246084044,661
6246084044,693
6246084044,743
6246084044,822
6246084044,829
6246084044,867
6246084044,523
6246084044,622
6246084044,907
6246084044,914
6246084044,1118
6246084044,1138
6246084044,1157
6246084044,1178
6246084044,1191
6246084044,14189
6246084044,17583
6246084044,1805
6246084044,1809
6246084044,4387
6246084044,12652
6246084044,4534
6246084044,4785
6246084044,4812
6246084044,6002
6246084044,6028
6246084044,6045
6246084044,6078
6246084044,6128
6246084044,6316
6246084044,6706
6246084044,7333
6246084044,7344
6246084044,7998
6246084044,9280
6246084044,9286
6246084044,9549
6246084044,9577
6246084044,9599
6246084044,9821
6246084044,9850
6246084044,9876
6246084044,10509
6246084044,10519
6246084044,10672
6246084044,11586
6246084044,11990
6246084044,4812
6246084047,53
6246084047,260
6246084047,455
6246084047,513
6246084047,545
6246084047,579
6246084047,651
6246084047,678
6246084047,1965
6246084047,739
6246084047,753
6246084047,759
6246084047,766
6246084047,776
6246084047,1115
6246084047,1118
6246084047,1164
6246084047,1182
6246084047,17583
6246084047,2126
6246084047,2127
6246084047,2143
6246084047,2158
6246084047,2175
6246084047,2177
6246084047,2191
6246084047,2197
6246084047,13984
6246084047,14931
6246084047,14932
6246084047,4401
6246084047,4881
6246084047,4921
6246084047,4945
6246084047,13378
6246084047,6002
6246084047,6009
6246084047,6077
6246084047,6079
6246084047,6082
6246084047,6089
6246084047,6137
6246084047,6143
6246084047,6145
6246084047,6683
6246084047,6686
6246084047,16990
6246084047,6816
6246084047,7099
6246084047,7348
6246084047,7357
6246084047,7389
6246084047,7390
6246084047,7413
6246084047,7447
6246084047,7466
6246084047,14682
6246084047,7883
6246084047,5703
6246084047,16628
6246084047,9480
6246084047,9574
6246084047,13881
6246084047,1408
6246084047,10489
6246084047,10494
6246084047,9535
6246084047,10674
6246084047,10705
6246084047,10706
6246084047,10748
6246084047,10925
6246084047,10930
6246084047,10969
6246084047,11164
6246084047,11348
6246084047,11355
6246084047,11362
6246084047,11371
6246084047,16345
6323379380,101
6323379380,102
6323379380,116
6323379380,13384
6323379380,15685
6323379380,122
6323379380,7263
6323379380,7272
6323379380,7273
6323379380,12797
6323379380,12798
6323379380,17869
6323379380,17870
6323379380,14331
6323379380,8026
6323379380,12755
6323379380,8219
6323379589,58
6323379589,157
6323379589,159
6323379589,160
6323379589,410
6323379589,452
6323379589,454
6323379589,569
6323379589,577
6323379589,598
6323379589,624
6323379589,627
6323379589,653
6323379589,659
6323379589,712
6323379589,736
6323379589,759
6323379589,775
6323379589,622
6323379589,905
6323379589,906
6323379589,907
6323379589,922
6323379589,1179
6323379589,1197
6323379589,13153
6323379589,1459
6323379589,1499
6323379589,1516
6323379589,13421
6323379589,1564
6323379589,1576
6323379589,1581
6323379589,1592
6323379589,4889
6323379589,1950
6323379589,1953
6323379589,1977
6323379589,1988
6323379589,2024
6323379589,2128
6323379589,2136
6323379589,2145
6323379589,2173
6323379589,2176
6323379589,13982
6323379589,2219
6323379589,2239
6323379589,2258
6323379589,2264
6323379589,2266
6323379589,2298
6323379589,2342
6323379589,2420
6323379589,2424
6323379589,2436
6323379589,2444
6323379589,2470
6323379589,2639
6323379589,2655
6323379589,2681
6323379589,2727
6323379589,12954
6323379589,17865
6323379589,3789
6323379589,13994
6323379589,3983
6323379589,4204
6323379589,12382
6323379589,5162
6323379589,1228
6323379589,13488
6323379589,5386
6323379589,5418
6323379589,5419
6323379589,5723
6323379589,5729
6323379589,5946
6323379589,6020
6323379589,6028
6323379589,6114
6323379589,6115
6323379589,6347
6323379589,6672
6323379589,6738
6323379589,6746
6323379589,6765
6323379589,6803
6323379589,6825
6323379589,6860
6323379589,6875
6323379589,7207
6323379589,7333
6323379589,7373
6323379589,7402
6323379589,7417
6323379589,7611
6323379589,7796
6323379589,7833
6323379589,7992
6323379589,8011
6323379589,5326
6323379589,8219
6323379589,8251
6323379589,8542
6323379589,9193
6323379589,9457
6323379589,9559
6323379589,9767
6323379589,1408
6323379589,9939
6323379589,10489
6323379589,10492
6323379589,10494
6323379589,10505
6323379589,10513
6323379589,10530
6323379589,10540
6323379589,10721
6323379589,10792
6323379589,10924
6323379589,10930
6323379589,10942
6323379589,10957
6323379589,10969
6323379589,10977
6323379589,11023
6323379589,11034
6323379589,12863
6323379589,11109
6323379589,11155
6323379589,11174
6323379589,11204
6323379589,11219
6323379589,11262
6323379589,11263
6323379589,11276
6323379589,11348
6323379589,11355
6323379589,11359
6323379589,11362
6323379589,11379
6323379589,11968
6323379589,12918
6323379589,12063
6323379589,12314
