22.387222196,-102.256944415,
22.1505574924305,-102.414766886902,
21.8571471680828,-102.265866611943,
22.050277775,-102.049722175,
21.791666612,-102.7466666,
21.766666636,-102.136111098,
21.8543507871807,-102.278083846585,
32.596789383807,-115.428811893652,
32.432777716,-114.967222182,
30.818611073,-116.063333294,
32.5410891234856,-116.933406906901,
31.8698563452359,-116.622320515083,
22.8881563402926,-109.912520762487,
19.0907377537501,-90.5171616445989,
18.181388841,-91.349999986,
17.910277713,-90.403055531,
25.594999944,-102.170277761,
25.3950443962776,-100.960744654069,
27.864068537541,-101.141138028403,
27.932052420236,-101.210070797432,
27.126666634,-101.617222196,
25.788611065,-103.103055543,
25.5571863468475,-103.450878868438,
25.4192124761944,-101.007938589014,
26.8935271588631,-101.426643011209,
19.1065452553747,-104.307406356181,
19.284722207,-104.239444418,
16.939722167,-91.297499949,
16.771944399,-92.16666666,
16.853611067,-92.572222184,
16.578888832,-92.009999972,
16.885833291,-92.443611065,
17.362499951,-91.595277721,
17.246944397,-92.518333308,
17.205277755,-92.750555524,
15.354166641,-92.377222178,
17.07999996,-92.332222166,
14.9317899210558,-92.2582188556938,
16.284166653,-92.030833293,
15.066666664,-92.526388841,
14.993333266,-92.403611085,
14.989444388,-92.316944431,
17.144722185,-93.371388861,
16.94222216,-92.47388885,
16.6227535694307,-93.1013386032984,
15.464166609,-92.218055543,
16.455555522,-91.573333292,
16.804166623,-91.62333329,
16.8468010403901,-92.4440977299988,
17.433611093,-92.492777732,
16.772222176,-92.660833277,
17.105277759,-92.361944397,
17.08333333,-92.268888872,
16.764999928,-92.458055515,
16.355555526,-92.488611077,
16.878055489,-92.460833285,
17.788611065,-91.915277699,
16.666944417,-92.67777772,
17.1989130050991,-92.9286702078486,
16.603611077,-93.42777773,
17.249640500918,-93.0137171838055,
16.8131640974849,-90.8925727168622,
16.7277560516398,-92.6667724730404,
17.411944395,-92.867499963,
17.343888846,-92.448611051,
17.222222198,-92.490277739,
17.21833332,-93.154722203,
17.55444441,-93.159722189,
15.8833860756293,-93.5264055080015,
16.00277777,-93.806111062,
15.1459657929596,-92.4228346882638,
17.096388849,-93.182777726,
17.143611077,-92.710277721,
17.263611063,-92.536944413,
17.123611087,-92.472222188,
16.150833325,-93.114999954,
15.10888886,-92.451666644,
16.575555508,-90.668055525,
15.672499957,-92.239999972,
15.354166641,-92.377222178,
17.301111096,-92.891111054,
15.490555516,-92.402777754,
17.296111064,-91.708611059,
16.763611043,-92.141111084,
17.1617563504881,-92.8985485335989,
17.07444442,-92.760555496,
17.349722163,-92.418611089,
16.741388837,-92.483611091,
17.321111086,-92.333611097,
16.24388885,-93.040555534,
15.418611089,-92.721388847,
15.9825,-93.4719444444,
15.613055495,-92.181944395,
17.458055515,-92.036111102,
15.52833328,-92.279999952,
16.490277739,-92.852222182,
16.679722159,-92.326388849,
17.127777742,-91.676944389,
17.170555538,-92.087222208,
17.076666636,-92.053888876,
17.214722173,-93.018888882,
17.403333308,-91.702777742,
17.409999956,-93.476111066,
17.532222158,-91.822777728,
16.334166651,-91.750555524,
16.0391488715009,-92.9767049333616,
17.39611106,-93.324999964,
17.2829568882922,-92.5525085821251,
16.7447921604988,-92.6419921728898,
27.643611057,-106.989722165,
27.26111107,-107.386944419,
27.639166625,-108.081111068,
28.4150668865707,-106.877282991655,
31.7018271891251,-106.484637199173,
27.848611035,-108.3155555,
29.6446932761666,-107.775861610585,
31.7087680031533,-106.40969412304,
31.6172013627118,-106.399463550681,
28.6353330245902,-106.088889703403,
26.882499921,-107.25555553,
27.04833329,-107.266388833,
31.626864946973,-106.310648569041,
28.473333296,-107.798055483,
28.286388869,-107.041666642,
26.029444408,-107.049444398,
28.093333302,-108.58277771,
28.053055545,-107.654166629,
27.060277747,-107.173888862,
26.608611063,-106.236944425,
26.526666618,-107.169166653,
31.6431830025413,-106.366946651221,
25.0437610808343,-105.424123573374,
24.0461291291235,-104.646721604363,
25.93666662,-103.418888866,
24.909444382,-104.700833303,
24.803611069,-104.465833271,
24.0022811046943,-104.686315797778,
23.9988638060276,-104.652640244417,
25.681111044,-103.368611091,
22.781666594,-104.369444422,
25.384722203,-103.480833275,
25.552777748,-106.919999954,
24.418333312,-105.614166603,
23.430277723,-104.414999942,
21.108048584681,-101.652787744042,
20.163611067,-100.885277737,
20.2145768959596,-100.840517446793,
20.523888848,-101.218888874,
21.1157380079044,-101.671346071529,
20.691111062,-101.293611071,
20.331944389,-100.800277745,
20.6033333,-100.819722181,
20.855277729,-101.441111072,
20.0391810934167,-100.715969927445,
20.639444402,-101.137222206,
20.241388857,-100.379722171,
20.150833325,-100.892222162,
20.401388869,-100.624999952,
20.5586574537081,-101.164610786152,
21.461111062,-101.235277763,
21.388055527,-100.789722173,
20.9116154875576,-100.715060207346,
20.906111058,-101.411111064,
20.5664971538605,-101.205722198306,
20.390277743,-100.577499947,
20.689999954,-100.940277721,
20.0255302524032,-100.725554113348,
20.5541752441251,-100.812534377501,
20.1587013587369,-100.506082740945,
20.1322821737218,-101.183312446513,
20.324166633,-101.848888812,
21.070555542,-100.446388835,
21.802642738361,-101.358080241348,
20.695555494,-101.633888862,
20.388055527,-101.438888856,
21.503055527,-100.440277741,
20.638333294,-100.857222168,
21.1418758041531,-101.653581908542,
20.362777728,-101.363333282,
20.903888842,-100.867499963,
21.412499949,-100.898611033,
21.281388837,-100.82444439,
20.72111107,-100.659166615,
21.073333312,-101.010277749,
21.239999972,-101.616944419,
20.777777716,-101.061388855,
21.548611047,-100.370833307,
20.837222178,-101.033055509,
21.1235127539166,-101.702916352611,
21.1242741404574,-101.695721604527,
20.037840263931,-100.721077458902,
20.5198046927499,-100.79498715786,
17.351944425,-99.006111094,
17.59444439,-98.961666596,
18.024999976,-99.476111066,
17.332499943,-98.632777708,
17.43388887,-98.773055507,
17.240277749,-99.122777756,
17.589444404,-99.201666654,
17.6565371780282,-99.5260452309866,
18.3219869168471,-100.289628859805,
18.585555526,-99.562222166,
17.244444404,-100.217777766,
18.443888842,-100.008888864,
16.717499969,-99.464722163,
17.161388851,-100.382222164,
16.4749860693619,-98.4190744210974,
16.966388805,-99.127499965,
17.788055511,-98.6316666,
16.91611103,-99.864166593,
17.582499933,-100.182499949,
17.071944427,-98.309722183,
17.673333288,-98.602777746,
17.2049985893481,-100.422627744166,
17.4864774719308,-99.4571780173468,
17.733361915031,-101.638060239264,
16.7755555,-99.193888852,
17.303611089,-99.206388863,
17.753888848,-99.944722153,
17.676666612,-101.284999984,
17.356388857,-99.057777754,
18.118888878,-100.636111078,
17.533919143684,-99.5227885731801,
18.553888856,-99.711111052,
18.531388827,-99.705555512,
18.4352777777778,-99.4733333333333,
18.14888884,-101.266388833,
17.208333302,-98.502222196,
17.721944401,-100.803055515,
18.0391666666667,-100.57,
18.401666646,-101.474722181,
17.771666622,-100.025277753,
16.659722169,-98.358055519,
17.866111032,-99.911388821,
17.2936111111111,-98.9669444444445,
16.8627290972369,-99.9053413379584,
21.095555518,-98.373611077,
20.240277749,-99.290277747,
20.228888846,-98.490833293,
20.657281620473,-98.6585246721241,
21.170833315,-98.779999932,
20.564999936,-99.151666656,
21.069166657,-98.59444439,
20.874999942,-98.691944393,
20.06888888,-98.478333282,
20.208055525,-98.497777718,
21.119722209,-98.826111052,
20.618611081,-98.801388853,
19.7743213365686,-98.5566224593468,
21.129722181,-99.13499999,
20.7763888888889,-99.1861111111111,
19.951666624,-98.2294444,
20.3230555555556,-98.7419444444444,
20.328611065,-99.432222162,
21.224166637,-99.032222178,
20.7602777777778,-99.2888888888889,
20.507777736,-99.606388847,
20.538333298,-98.860555492,
20.7876077343467,-98.7328302036241,
19.818498851146,-98.609254672682,
20.263308563652,-98.9402879989313,
19.8265199397779,-98.9785938167497,
19.5988129892096,-103.909714936527,
20.6539632961385,-105.220767479722,
20.220555536,-103.981388809,
20.067777772,-104.223055529,
19.4770293966942,-103.304132754278,
20.6264530032073,-103.058816639916,
20.224999968,-103.371111084,
20.227222184,-103.413611057,
20.794166605,-103.191111082,
20.613888826,-101.991388827,
20.256111084,-103.656111068,
20.43388887,-102.778888824,
20.389166635,-103.911944375,
20.5399769044581,-103.290022747917,
20.6149463228186,-103.379834670346,
19.7215221798328,-104.605008573125,
20.561666612,-102.435555532,
21.385555534,-101.839166617,
21.1825,-101.963333333333,
21.851388851,-104.213055511,
20.872222172,-103.153055541,
20.634444416,-102.716944415,
19.96222215,-103.44777772,
19.4819946605692,-104.643215224987,
20.7079166165,-102.353614697972,
21.498055495,-102.586388857,
21.608055509,-103.613055495,
20.904444396,-103.102222212,
19.501388865,-104.701666634,
20.741944391,-102.535277751,
21.035277771,-102.711944383,
20.891388831,-104.683611083,
21.140277753,-102.46222217,
20.8841657956632,-103.840170225543,
19.237951366625,-104.563244385445,
20.6750330053189,-103.423329686763,
20.744043829193,-103.401260536056,
20.6562132899445,-103.400594704566,
20.6463377165576,-103.220582758027,
20.6686005234443,-103.394751063833,
20.6295788283901,-103.328932453404,
20.6515466362915,-103.280579394415,
19.5489154907785,-103.813645485501,
19.556795514723,-99.1979952296538,
19.6779304971381,-99.1565210868054,
19.6237982886387,-99.3145985583198,
19.5946852228201,-99.2349113752016,
19.4361899747782,-99.2674541538056,
19.4934724521244,-99.0430408044291,
18.867222186,-99.878611043,
19.2977466151116,-98.8601146594008,
19.233611101,-100.023055537,
19.3158913322913,-99.6010255286596,
20.059444416,-99.593055505,
18.85055552,-99.699999972,
19.8509513522118,-98.7464468782913,
19.219166651,-98.889722169,
19.4471879991238,-98.9519391232222,
18.816388811,-100.218055543,
19.498333272,-100.083888884,
19.6861607980555,-99.0534247107644,
19.4051974695699,-98.8919660513602,
19.332499943,-98.906111058,
19.3058835825692,-100.144543573957,
19.685555522,-99.655555514,
19.6542138511112,-99.2350202637083,
19.4307607767622,-98.9277402105712,
18.862777708,-100.236666648,
19.241239968723,-99.5422813428486,
19.782499925,-99.178055517,
19.7949166031119,-100.138784424001,
19.4921121783334,-99.2821802234017,
19.372297747166,-98.9845677349234,
19.5531949690137,-99.4203708063056,
19.300277765,-99.4022222,
19.546944385,-98.90222218,
18.784166633,-99.711666606,
19.224166637,-98.803055515,
20.018611105,-100.062499963,
20.009444418,-100.04833329,
19.719444408,-100.042222196,
19.404722193,-99.636388855,
19.729999934,-99.404444416,
18.91333326,-100.315277723,
20.062222186,-99.504722189,
18.882777698,-100.565277713,
19.251236097597,-98.6642549343064,
18.840833279,-100.005277763,
19.4760369000157,-99.2472657854044,
18.682222152,-100.185833319,
19.175833301,-100.102777766,
19.044722189,-99.673055511,
19.977026043082,-99.1780752389297,
19.6334355299362,-99.0947732974424,
19.6542138511112,-99.2350202637083,
19.609722171,-99.05999997,
19.5282782796369,-99.2300530099326,
19.561111058,-99.246944397,
19.4926130106544,-99.3648535554023,
19.6276141666667,-99.2236858333333,
19.2856380555556,-98.9117188888889,
19.5145229951538,-99.0590980276232,
19.609722171,-99.05999997,
19.261086347652,-99.6044219079719,
19.6079668980692,-99.1660113377349,
19.5795243852759,-99.2175424889133,
19.725027725806,-99.2225974746804,
19.5787954993349,-101.809135220487,
19.0770716349169,-102.358429128874,
19.6582788399454,-101.219212484194,
19.0557408152081,-101.423909963111,
19.8194177374864,-101.787132458042,
20.057499977,-102.72388884,
19.051388883,-102.648611043,
19.9908771620288,-102.718324966632,
19.821388843,-101.679444382,
19.7046082924724,-101.189276365042,
19.328333288,-100.611388833,
19.539722183,-101.458055515,
18.117222216,-102.279166621,
19.8145618717642,-101.798587703834,
19.703055519,-102.413888834,
19.6930191120689,-101.951502180014,
19.632499931,-100.342777738,
18.719999962,-101.621944405,
19.831944369,-101.215833281,
19.753055517,-100.593888836,
18.783888856,-101.351666648,
19.90499995,-100.620277743,
19.153888872,-101.654166629,
18.846111042,-103.119722209,
19.121111094,-100.665833263,
18.765277705,-102.01999999,
18.868055517,-103.268333318,
19.425555514,-100.899166587,
19.660833277,-100.540833291,
18.938333282,-100.765277705,
19.182777726,-100.943055491,
19.178888848,-102.915555476,
18.925277717,-101.046666628,
19.8151157589581,-101.799560756207,
19.9767990999596,-102.291492743751,
19.6907777293881,-101.18356971423,
19.6867760741528,-100.557289679819,
19.0813182891927,-102.349864662737,
22.061666632,-104.808333278,
22.251666652,-104.597499937,
22.6424682828628,-105.323942744806,
22.4893496861532,-105.366167996794,
21.4658879926791,-104.865480755707,
21.722499955,-104.883055475,
21.267777764,-104.403888862,
21.948888808,-104.463333278,
21.429999946,-105.113888846,
25.6658668735677,-100.140501918819,
25.4225049668885,-100.148146341986,
25.1749571925285,-99.8356119047501,
25.7391821764442,-100.269283315361,
25.6035144107227,-99.9964615908622,
25.7747463355693,-100.414829108679,
24.879166597,-100.436388863,
25.6503063620435,-100.206741084139,
25.6357119123747,-100.103059987375,
25.795833267,-100.463055501,
25.7001305555556,-100.288120833333,
25.7090093906924,-100.331308279416,
25.6730732884991,-100.146336347376,
24.441944403,-99.941944383,
25.675555504,-100.46222217,
25.6809296556529,-100.163810510471,
25.7125274366517,-100.376038569762,
18.1326441175427,-96.8394968936241,
16.532222158,-97.442499957,
17.113055515,-95.943055491,
17.185555542,-97.276944405,
18.124166641,-96.949444362,
15.951944401,-96.678055497,
16.680277713,-94.774444392,
17.295277733,-97.596111052,
18.161111074,-96.874999942,
17.778611047,-97.710833275,
17.0661402304578,-96.7471854874445,
17.0538133205691,-96.6838896933368,
16.439999964,-96.598333268,
17.372777746,-95.199444392,
17.0777905221404,-96.7649479836247,
16.050555552,-96.59166662,
17.119722209,-97.22111109,
17.929999926,-96.357222188,
17.7993354798907,-96.9636410353907,
17.397499945,-97.115555508,
16.7924238325852,-96.3060855267788,
16.343412736027,-96.7111727185279,
16.203611093,-98.005833317,
17.987222172,-95.91055549,
16.359166627,-97.892499939,
16.582524655348,-97.2023980409448,
17.64611105,-97.747499931,
16.764722151,-97.553055525,
16.422499967,-97.247222174,
16.9093521598326,-94.6817413202927,
18.0723458146802,-96.5355858057502,
16.764166597,-97.241944411,
16.546944385,-97.089722201,
17.0486799560012,-96.631701322125,
17.10055555,-96.762499935,
19.823333282,-97.381388833,
20.1660274494875,-97.4053983022222,
19.716111038,-97.548888824,
19.0929958029026,-98.2337536006042,
18.9216096717362,-98.4486932733904,
19.949166585,-97.933611073,
20.318055539,-98.091944417,
19.923055501,-97.28999997,
19.819722181,-97.446666612,
19.0537019319858,-98.1639841210956,
18.247222174,-97.034722217,
18.459166623,-97.05999997,
18.590555512,-97.334722205,
20.126944411,-97.729722157,
18.955555502,-98.383055495,
18.314444392,-96.835833293,
19.1998493909169,-97.067890827257,
18.9006688888889,-97.6602791666667,
19.0452777777778,-98.1975,
20.304166643,-98.112499961,
18.325277741,-97.079166629,
19.233888878,-97.078055521,
17.961944373,-98.618333304,
18.441944403,-98.667499971,
20.437499971,-97.687499961,
18.765277705,-98.633333308,
18.829166599,-97.819999958,
18.267499987,-98.616666642,
19.936388843,-97.550555532,
18.918611069,-98.104722205,
18.4591924558456,-97.3943171760831,
19.045277743,-98.197499953,
18.463888832,-97.393055513,
20.7383777342776,-100.444451618473,
20.751388855,-100.284722207,
20.5594277289985,-99.8912518869305,
21.239722195,-99.590277735,
21.191388859,-99.536388859,
20.682499929,-99.562499943,
21.001388885,-100.020833321,
20.851388851,-99.477777728,
21.403611085,-99.242499965,
20.960277711,-99.551388863,
21.068611103,-99.414999942,
20.918888846,-99.415555496,
20.918055515,-100.453611083,
20.6343455274028,-100.400106650369,
20.3898213554865,-99.9906754954436,
20.587499965,-100.392777736,
20.6390105142497,-100.447106888291,
20.5751305089993,-100.410174678182,
18.459258567543,-88.9328988070009,
20.350277763,-87.575833285,
18.503611081,-88.305277751,
21.16055552,-86.847499927,
21.92777771,-99.461111062,
21.230833285,-98.659722169,
21.72666661,-98.753055517,
21.487499969,-99.418333312,
21.240833303,-98.697222156,
23.423333298,-100.791666612,
21.871944395,-99.971666614,
21.24944439,-98.750555524,
21.731111042,-99.822777728,
22.330555504,-101.211388849,
23.501944419,-101.702499965,
22.1375066496946,-100.90726105461,
21.626666614,-99.390833297,
22.1321777297224,-100.913674925583,
22.1647996745965,-100.974296328596,
21.68666663,-99.178333294,
21.774166615,-98.568611083,
21.794166605,-99.138888868,
22.0594444444444,-100.418055555556,
22.943888822,-101.297777726,
21.908611051,-99.893888824,
21.85888883,-100.846111042,
21.744444384,-100.251944429,
21.812222156,-98.94222216,
21.847777704,-100.615833265,
22.164444398,-100.718888854,
21.210277741,-98.869444402,
23.181111064,-100.268888872,
22.1379508148464,-100.989002167279,
22.1477627318046,-101.001924161292,
25.954166617,-109.301388873,
25.844722157,-108.918055515,
24.846944373,-107.44777772,
25.746111046,-108.317499985,
25.324722187,-108.211388849,
24.44222218,-107.095555518,
26.725833279,-108.414444388,
25.534999974,-108.217499989,
25.442777734,-107.792222166,
26.911111044,-108.418611089,
22.532499935,-105.452499975,
25.7325,-108.302777777778,
24.681666598,-106.814722149,
26.006666648,-107.538611075,
24.589444404,-107.534166643,
23.059722193,-105.584999972,
23.0902777777778,-105.595,
25.5757810630003,-108.472094410834,
23.242926630277,-106.43660802893,
17.455833299,-92.705833289,
18.422499967,-92.805833285,
17.9312221452239,-93.508611067,
18.052222214,-93.19777773,
18.0797222222222,-93.0416666666667,
18.140277753,-92.962777704,
17.4519166433265,-91.4171944262934,
18.108611083,-92.717499969,
17.457777738,-91.584722195,
17.458333292,-91.287777754,
17.62333329,-92.498888826,
18.331666612,-93.335555536,
17.612222164,-92.51388883,
18.058333308,-92.695277717,
18.236111094,-93.207222194,
18.094722187,-92.746388823,
25.9798388128314,-98.0914338630563,
23.7481574293201,-99.1577569165131,
26.4092644028346,-99.0319946785692,
25.9912466054176,-98.0783438530258,
26.0226235936802,-98.2697263697504,
26.0216222077224,-98.2521613728752,
27.4836794241563,-99.5700883010415,
22.843333272,-99.193333298,
25.086388877,-97.91666663,
23.7399443963881,-99.1821988388337,
22.33277772,-97.846388819,
25.651111082,-97.567777752,
24.261388847,-99.453611083,
25.823333282,-98.108055529,
22.33277772,-97.846388819,
25.879722151,-97.504166635,
19.352499979,-98.19222219,
19.3771885674323,-98.1123755163869,
19.567777752,-98.683055483,
19.3311138353038,-98.220348036653,
19.3090152410436,-98.2424546878491,
18.162499959,-94.8327777,
18.776111054,-96.9766666,
20.566111044,-97.437777748,
21.22388886,-97.92777771,
17.316388831,-94.498611049,
18.6006519185867,-96.687884959833,
17.8828751982102,-94.9580657729313,
20.660833277,-97.549166601,
20.9321238089166,-97.6877602381253,
18.376442180557,-95.7908888366119,
18.348888832,-95.182499949,
19.591388843,-97.021111098,
18.133888882,-95.653333298,
17.521666632,-95.074722197,
17.9436063232657,-94.9227105018049,
20.481666606,-97.524999956,
19.997499921,-97.220833313,
19.151388879,-96.301111096,
18.254444422,-96.206111086,
20.716388815,-97.671944403,
19.676666612,-97.115833285,
21.518055531,-98.261388847,
19.5213880215969,-96.9073491102925,
18.190555528,-94.782222148,
19.5118380025701,-96.9112340994314,
17.9490638078067,-94.9249010511379,
21.5591666666667,-97.8380555555556,
19.1678919342845,-96.1678319345627,
18.122222202,-94.993611043,
17.9819368629023,-94.6053996828741,
18.564722159,-96.8044444,
20.894166601,-97.929722149,
20.161666628,-97.551388863,
18.272222196,-94.884722183,
20.270277757,-97.526666618,
21.4022222,-98.246111066,
18.4251902370967,-95.1145777328328,
20.660833277,-97.549166601,
18.2433791294593,-95.1230866438884,
20.809444386,-98.351388871,
17.854722175,-94.349166609,
21.377499955,-98.329722173,
20.9515555131735,-97.3758885709875,
19.3858530331946,-96.9745029950699,
19.610277725,-96.859999938,
22.0361316575976,-98.1848266551319,
17.943084102209,-94.9968377009457,
20.294722179,-97.606944401,
19.974722161,-97.016944443,
18.708333282,-95.62888883,
18.833055477,-96.493333286,
18.711388829,-97.344999954,
18.576388839,-96.753333294,
19.100833327,-97.114166623,
18.622499959,-95.469166641,
19.6944444444444,-96.8361111111111,
19.363055505,-97.1433333,
19.7436111111111,-96.8727777777778,
18.822777728,-96.595277721,
18.967499959,-96.959166603,
18.4666666666667,-95.5822222222222,
18.833055477,-96.493333286,
19.1637638441381,-96.1579710825546,
19.1912138597231,-96.1323088405003,
18.1364838747361,-94.4511999786877,
19.199166615,-96.13777776,
19.199166615,-96.13777776,
20.716944415,-87.866111032,
21.1397146989023,-88.1461394035846,
20.74999997,-89.653888852,
21.1332149493625,-89.5163524340689,
20.706944397,-88.810277717,
20.9588793814718,-89.5900046802641,
20.9926382682512,-89.6721821803621,
20.9931413215674,-89.6270657796253,
20.9711493933616,-89.5737244022788,
22.948888808,-102.702222188,
22.729722157,-102.977222154,
21.265120225068,-103.167451102215,
21.964722143,-101.589166627,
21.65499996,-102.959999934,
23.648333266,-103.623055513,
21.343888846,-102.85055552,
21.421944413,-102.782777702,
22.3041833097366,-103.560564948528,
21.8202777777778,-103.109444444444,
23.434999978,-102.263055509,
21.628333276,-103.063055517,
22.714166599,-102.494166617,
23.515833269,-102.369444422,
24.378333286,-101.269166649,
21.518055531,-103.018611105,
22.4766666666667,-103.1625,
22.7667321913724,-102.554476354291,
18.9351449575484,-99.2365330372778,
18.8405018908186,-99.1828530035416,
19.3999799384459,-99.1560596994033,
19.3172730412154,-99.0904171992786,
19.4831913235122,-99.1310807879849,
19.3172730412154,-99.0904171992786,
19.4726410755549,-99.0654796772096,
19.3048174746254,-99.2664838324712,
19.3540746967219,-99.0749155295546,
19.2870544226666,-99.1830685587648,
19.3768735675683,-99.1313327321392,
19.4540921928615,-99.1596149666372,
19.5083830123204,-99.2062888631105,
19.3583333333333,-99.0930555555556,
19.4457732812782,-99.1157680072355,
19.3575860757217,-99.0858613784304,
19.4219494128885,-99.0578755313048,
19.4508897017501,-99.1596941330398,
19.3479060574741,-99.2013816547916,
19.3211285858747,-99.1578971941948,
19.4174655366319,-99.063993014375,
19.2483221706657,-99.1753327468333,
19.3619555083343,-99.2498460553046,
19.3207416666667,-99.0479366666667,
19.3892635794315,-99.0725774805965,
19.3019899824375,-99.1275946868468,
19.390943574291,-99.1548122025827,
19.4431102777778,-99.2132069444445,
19.5664394444444,-99.1340052777778,
19.3191227582361,-99.0478607912637,
27.319722201,-108.630555492,
27.4634577226131,-109.945013818638,
29.0439216356945,-110.99670353418,
27.9369299525833,-110.882384920915,
28.343888846,-109.174166639,
26.955833279,-109.497777718,
27.0868147091389,-109.447349665541,
31.2996641097087,-110.940203276861,
29.098888842,-110.954166617,
27.376666624,-108.906111058,
22.2316346711788,-102.326228849389,
21.969722175,-101.984444402,
22.1054847030981,-102.300668041677,
21.9180666260694,-102.265169947388,
32.6380530167908,-115.519031361472,
32.6283846651265,-114.860372714471,
30.7273071636942,-116.000117221891,
32.6045596857093,-115.439989686069,
32.489444408,-115.388333304,
32.5477010492767,-116.923317722556,
32.4707380253746,-116.801993851299,
32.4529958069026,-116.972953277056,
32.4955155018323,-116.962158261417,
32.5222213525969,-116.882153254999,
19.825170499167,-90.5484963255991,
25.5627002204035,-103.442913566512,
28.6938096655974,-100.552781358972,
24.908055497,-101.418333312,
25.387499973,-103.335277759,
25.3975399451677,-100.96561852971,
25.5198502483199,-103.392075515778,
29.3265366267794,-100.978397984516,
25.5326579901808,-103.45288636275,
25.5332432658875,-103.432516883626,
26.926133548293,-101.404369416083,
25.4181869235348,-101.001947216834,
19.3266457925131,-103.754533290555,
16.7734216173064,-93.0797577379982,
16.7277352181529,-92.6414163411816,
16.940555498,-92.896666594,
16.492777732,-93.633611085,
15.148055509,-92.377222178,
15.560277727,-92.395555506,
17.460833285,-93.434444424,
17.032222178,-93.026666638,
15.527222172,-92.173333308,
14.961388819,-92.30999996,
15.346111062,-92.443611065,
15.666944417,-92.004166655,
17.524444402,-93.183611103,
15.385555534,-92.723055509,
16.7764043864442,-93.0959910725564,
15.237777756,-92.625555506,
16.7629666004448,-93.0770719125413,
17.61166661,-92.111388853,
16.5591580084047,-92.804273844833,
15.1399291430981,-92.4584874583198,
16.408888848,-93.512222168,
25.713055491,-106.859999938,
25.891111054,-106.726944387,
26.846111042,-106.338055529,
26.899722141,-107.111111076,
29.3531902547496,-107.932117420376,
31.7251202255978,-106.489271630778,
31.7125116035831,-106.447196888403,
30.554166633,-106.858333276,
28.6095380053491,-106.080784124988,
19.3738652432093,-99.1934546866253,
19.4450705555556,-99.159525,
19.4810866072764,-99.1024924889023,
19.4781166162791,-99.1044480392366,
19.3333697087862,-99.2015769320417,
19.2882863635132,-99.1804818992645,
19.5009299774098,-99.1525977645697,
19.258864131652,-99.0847852704447,
19.4921471780828,-99.1185388789164,
19.2657805017515,-99.113431347459,
19.3152580010704,-99.1190947108057,
19.3900849656942,-99.1313291209026,
19.4701444161672,-99.0680483267916,
19.4806202205157,-99.0861088776802,
19.4985868819009,-99.069006935278,
19.2960285639852,-99.0214141525968,
19.4013130555556,-99.1586538888889,
19.4857994182781,-99.0981582881933,
19.3467263380974,-99.0398077584728,
19.3421957953757,-98.9992393608622,
19.3449230096523,-99.012720519582,
25.470833303,-105.053055545,
24.793055497,-104.503333304,
26.14055553,-106.266111056,
25.5654907674843,-103.517353310712,
24.589999958,-103.201666654,
20.960833265,-101.728055495,
20.995555482,-100.433333316,
20.923333278,-101.494722171,
20.1591563575986,-100.507596070028,
20.677222166,-101.084722215,
21.0954549628616,-101.716472147888,
20.394999952,-100.880555482,
20.985833287,-101.90499995,
20.451944421,-102.012499965,
21.0150382913616,-101.262996342151,
21.115851896432,-101.722136344903,
21.323055525,-101.0861111,
21.239999972,-101.616944419,
20.4505666470694,-101.525832175443,
20.9135204816387,-100.749377703054,
21.1409530288192,-100.068828324632,
20.5988946552916,-100.998025474609,
20.9499974163207,-101.417399703486,
16.727222164,-98.398055499,
16.70111108,-99.1144444,
16.8525913477644,-99.9105177118872,
16.8921202176799,-99.8284021570012,
17.746111046,-101.573888846,
17.6547069051802,-101.549510211013,
17.883611075,-101.431666608,
16.8729421697212,-99.9344455151599,
17.183055503,-100.455555522,
18.335631924569,-99.5442902256802,
18.111388853,-99.549999978,
18.170277761,-99.383888872,
17.534613030604,-99.5240005144727,
17.777222162,-100.011944411,
17.6688163561596,-98.511341893043,
17.743333276,-99.728055495,
17.114166623,-100.08333333,
18.051388883,-100.696666602,
20.139166645,-98.654166629,
20.702222188,-99.341944407,
20.199166615,-99.613055495,
20.1929221881672,-99.2703433123889,
20.376666624,-98.90222218,
20.369166645,-98.218055543,
22.049444398,-103.12611108,
21.4314152201541,-102.56856774975,
20.804722177,-102.530833273,
21.1806841666667,-102.890421111111,
19.8744444444444,-102.911388888889,
19.619722189,-103.811111048,
19.96222215,-103.44777772,
20.044444412,-103.310555514,
19.4108513421235,-103.5515016405,
19.7100519444444,-103.467150277778,
19.839166617,-104.138333314,
19.839722171,-104.271666642,
20.010833303,-105.154444426,
20.3695405327636,-103.822639117124,
20.547777716,-104.091388863,
20.9040516194449,-103.978932705029,
20.609722171,-104.240833303,
20.6912246729032,-103.279804118706,
20.6713166269164,-103.313236340098,
20.676338002182,-103.330217172029,
20.6929946673453,-103.337320253194,
20.5311824386805,-103.36700026217,
20.6690738555837,-103.435601920708,
19.307777744,-100.219444428,
19.40777774,-99.963888812,
19.2845085964722,-99.6699532974025,
19.367499983,-100.157499973,
19.4263660670826,-99.2703633122079,
18.874166611,-99.998055475,
18.766666636,-99.800555522,
19.6052502388184,-99.1567238638882,
19.6010924729654,-99.2313935607343,
19.685277745,-99.374722185,
19.5163838225817,-99.2295835661244,
19.4486416066395,-98.8749041091257,
19.4159432726666,-99.0499257860157,
19.4113277297209,-98.9632449246936,
19.821315509889,-99.9177994046251,
19.926944379,-99.817222188,
19.593239115402,-98.9080188304445,
19.5948877222785,-99.1974346752355,
19.6110560556369,-99.2941535692352,
19.1895302530972,-99.4647832742791,
19.3367080328196,-99.6855727442503,
19.290618023931,-99.6449668866811,
19.4349413670625,-99.0461638512485,
19.4173580369758,-98.8997276966672,
19.3324982761939,-98.8852907924999,
18.957600218514,-99.6976415988038,
18.964722143,-99.576388839,
18.924166609,-100.218888874,
18.574999954,-100.247499951,
18.659444392,-100.473055519,
19.757222172,-99.506111074,
19.361111066,-99.350833317,
19.4328641048759,-100.34631300621,
18.530277719,-101.039722203,
18.666388817,-100.887222176,
18.973055499,-100.984444402,
18.081666622,-102.298611057,
17.9646429765974,-102.193139409137,
19.306111082,-102.429999946,
18.96222215,-102.109722191,
20.1480077311102,-101.630820213235,
18.813055487,-103.383333318,
19.21833332,-101.635277747,
19.6981504864712,-101.189859696848,
19.576666616,-101.451388867,
19.434999978,-101.828888822,
19.572222184,-101.139999976,
18.84166661,-101.365555498,
20.0410513659026,-102.286388313486,
19.9766046558477,-102.281147726556,
19.867499963,-102.159166635,
20.0861111,-102.261388847,
20.0066005368324,-102.31539049997,
19.9925596570974,-102.283724987561,
19.809166609,-101.298611057,
18.943611045,-98.904166619,
18.56277772,-99.237499979,
18.8277454915543,-98.9448877082785,
18.9071538327775,-99.2273480167352,
18.9311229782076,-99.2528438709027,
18.9420327163064,-98.8984677003901,
18.8615549335273,-99.059371082889,
18.9238079987913,-99.1698149844163,
21.169166653,-104.621944405,
21.722499955,-104.883055475,
25.7746607800965,-100.375989126126,
26.276388851,-99.841111056,
25.7971949299727,-100.598250490361,
25.7424602224567,-100.196874677126,
25.6209894077503,-100.279371064889,
25.638611071,-100.155277757,
25.663888824,-100.136111098,
24.984999956,-99.212777734,
24.172499977,-100.287777754,
25.8023344059864,-100.22940106728,
25.7644427071939,-100.385689700236,
25.6840474706946,-100.431196331319,
25.704642736973,-100.166643558458,
25.7281649394177,-100.185911929889,
16.471666634,-96.10333332,
16.6836966383073,-96.8400291144578,
17.49388884,-96.841944387,
16.8587196640147,-96.6913699499436,
16.9173691280452,-96.3650341108762,
16.9194444,-96.415277719,
16.745555492,-97.498055495,
16.8738966117221,-97.576897449043,
17.262777732,-97.693611055,
16.91333326,-97.437777748,
17.527222172,-95.548888824,
17.866111032,-96.308611075,
16.9371521742363,-95.917795515764,
17.226388853,-95.051111106,
17.1467616234712,-95.0617377430561,
16.8882271731945,-95.035004994021,
16.868333294,-95.226388853,
16.4897807960699,-95.0446196894311,
16.071111096,-97.62333329,
17.4123182830285,-96.6927602241253,
17.8060124512922,-97.5417038443342,
18.124166641,-96.877777712,
20.770277737,-97.772222176,
20.476944397,-97.644166611,
19.798611037,-97.536944413,
19.2179613765345,-97.8186888506183,
19.0362219350696,-98.2543074779305,
18.5919302302077,-98.5565602375701,
18.606944401,-98.389166635,
18.265555502,-98.19777773,
18.231388839,-97.857499945,
18.8979749234157,-97.6273602236268,
18.396666614,-97.360277735,
18.4625996692651,-97.3847483139999,
19.0629788502767,-98.194207462041,
19.045277743,-98.197499953,
18.9959463146544,-97.4491763271526,
18.9955857600151,-98.3811363335968,
18.488888854,-97.990555496,
19.2037535924717,-98.4678369224512,
19.965833251,-97.972222168,
20.012222188,-97.980833255,
20.4386421898884,-100.156706641638,
20.5871916326254,-100.40725468607,
20.587499965,-100.392777736,
20.303333312,-100.220277759,
18.6742730074299,-88.3921049598602,
20.4997643792227,-86.9535718965002,
21.1387474792908,-86.8734738353061,
23.6455063299881,-100.64202911707,
23.744444384,-100.641666618,
22.0168644432274,-98.9933599327785,
21.932594085598,-99.9932260436372,
21.421111082,-98.968888844,
21.203055539,-98.846388819,
21.488888854,-98.921944393,
21.928055487,-99.031944401,
22.131944397,-99.310555514,
21.888888838,-99.242499965,
21.9786085393206,-98.9745418836804,
21.965277697,-100.129722181,
22.371111084,-99.638611071,
22.324166633,-101.10888886,
22.1566216419437,-100.962089372416,
22.191666636,-101.202777762,
23.148611063,-101.341388853,
22.1101527451381,-100.930971867876,
24.615555488,-107.159722189,
24.178888848,-107.104999982,
26.864166593,-108.265555502,
23.2542049780967,-106.428803560681,
24.7809693741962,-107.373907464902,
25.7055777341388,-108.314760224737,
24.728333272,-107.740277729,
24.62888883,-107.910277713,
24.7475852083186,-107.419329142556,
23.2908524676808,-106.066240785596,
25.195833291,-107.651666636,
26.1027777777778,-109.190277777778,
24.380277725,-107.226388853,
31.8549432853606,-112.849627421153,
27.960212155611,-110.823477170389,
30.7066016203897,-112.162276903679,
30.9966477009436,-110.278932455404,
29.114529954943,-110.95051523834,
18.2872222,-93.158333304,
17.786944403,-93.416944427,
18.140277753,-92.962777704,
18.311666622,-93.173333308,
23.018333328,-98.744444384,
24.876388827,-98.133611105,
26.0667874969957,-98.3264027376381,
25.9871891164162,-98.0866352652223,
25.991388827,-97.954444394,
25.804999954,-97.659999946,
26.3946621752782,-99.0818274544846,
23.449999982,-99.33888886,
22.7338052471233,-98.979378814611,
22.674444396,-98.948611031,
22.994722151,-99.13499999,
19.3997899384439,-98.135373877896,
19.3179785947848,-98.2672008211649,
19.3142838371398,-98.2174597113403,
19.1968682885852,-98.2507085991599,
19.3247085759863,-98.2559688624176,
18.074722197,-94.635833301,
20.63499997,-97.507222182,
21.2757819078735,-97.4478449421951,
21.021944429,-97.516111046,
22.112777738,-97.846944373,
18.578333278,-95.894444378,
19.623888844,-97.099999996,
18.4661416036395,-95.2971318942631,
17.947222146,-95.746944377,
20.534031643361,-97.4597171765817,
17.9969024224017,-94.6631463259857,
18.126666634,-94.278888844,
19.369999976,-96.689722177,
21.156111088,-97.768055521,
19.710277721,-97.243333296,
18.1654874509317,-94.1292788487215,
18.925277717,-96.859444384,
18.88312491925,-97.0672952733542,
19.777222162,-97.261388847,
19.173611085,-97.021944429,
18.652499967,-97.023333314,
20.3277260672491,-97.0272463590992,
18.629722161,-96.815833257,
18.58611108,-96.908611051,
19.347499947,-96.68388886,
18.9002524632873,-96.9989793613614,
17.902777734,-95.404166639,
18.887783840916,-96.9234541108466,
20.9624852044291,-89.6167838638915,
20.9423052152637,-89.6036335770281,
20.943055491,-89.715555484,
20.8867252330699,-89.7580205032506,
20.596111052,-88.651388859,
21.038611095,-87.946666592,
22.027777746,-101.843333272,
23.298888834,-102.8616666,
21.541944399,-102.711388829,
23.032222178,-102.893888824,
22.365555498,-101.519722193,
21.709722167,-103.025833307,
23.193159687375,-102.872484115931,
23.514444384,-103.22388886,
22.733637192033,-102.375948570709,
32.6252916176381,-115.389859133069,
32.6029580233196,-115.394207454041,
32.6585899498887,-115.435788031319,
32.5197646928471,-116.888881616057,
32.634474138104,-115.445368559986,
24.1414121941663,-110.312538563986,
24.1417871932222,-110.345936062193,
19.8351285727012,-90.5269974509326,
18.941388829,-90.721944401,
25.523292460959,-103.391127740472,
25.4299293901927,-100.978221317903,
25.5189227507219,-100.941227995986,
25.7586207791526,-102.980007979346,
25.5438357820674,-100.950036350786,
25.4602888423343,-100.965964917027,
18.9332074172648,-103.976343823474,
18.912499929,-103.903888842,
15.364166613,-92.248055505,
16.9091160498064,-92.0824202313486,
15.126388857,-92.310833291,
17.5133191097375,-91.981360197791,
16.7877991227358,-92.6981199308317,
17.182777726,-93.00555554,
16.728333272,-92.727222164,
15.295277733,-92.284722207,
16.7541305139582,-93.1080091402919,
15.8759291064041,-92.7269827203616,
17.369166645,-92.060833301,
17.149999994,-93.423611075,
17.472777742,-91.724722171,
14.8930027157515,-92.2764516290852,
16.2537760904999,-92.1363869305695,
16.7111068855145,-92.6463599381666,
26.9295935379014,-105.670644406555,
31.6420371724163,-106.447719942333,
31.7353160762292,-106.430058278916,
28.693128834111,-106.115019953554,
26.9388766136382,-105.701172190882,
27.418333312,-108.272499973,
28.594722167,-106.673888842,
26.553055525,-107.604999962,
28.6534996864166,-106.101423325368,
28.4107471757485,-106.860437714611,
28.746944377,-106.908888828,
25.99388882,-106.759444388,
29.063888848,-105.143888854,
19.3021769263193,-99.1794635686808,
19.2897205261939,-98.9990951943195,
19.4386902454026,-99.1403538639446,
19.4453549489721,-99.2092574659858,
19.3576205202222,-99.0539919313475,
19.4673205350834,-99.1379455373334,
19.4168533161415,-99.1634719008756,
19.487687468528,-99.1244091400964,
19.3377841410702,-99.2786505108593,
19.269635814389,-99.0074166461119,
19.48222216,-99.112499961,
19.4787802255151,-99.1868180384862,
19.4222727451936,-99.1622705151387,
19.4703266376524,-99.1244044183621,
19.308333298,-99.224999968,
19.4575144054167,-99.1858910966669,
19.415154941193,-99.1803138443067,
19.3728049680273,-99.1840999905174,
19.4320118848195,-99.1652621735558,
19.3348049825068,-99.1813935627343,
24.0226874822631,-104.654467461542,
23.935555512,-104.882222144,
23.831388815,-105.789166619,
25.5353410842016,-103.526559118013,
20.423712185917,-101.725840501473,
20.0364872120834,-100.725937445375,
21.1003183284497,-101.732409926887,
21.13166662,-101.059166639,
20.944444376,-101.801111076,
20.6759705026939,-101.34908188693,
21.130246901736,-101.688086904043,
21.1249649722506,-101.685501355437,
21.1346644353331,-101.711374940362,
17.504166635,-100.005833317,
18.2992824439581,-99.3378974738192,
16.8567066136379,-99.8994990856791,
16.8680132949098,-99.8848149605487,
16.8616835446259,-99.8781354882759,
16.8687188484792,-99.8859810682495,
20.1925219109846,-99.2729535826799,
19.7840013556771,-98.5521208054586,
20.1908235828474,-98.9531349532919,
20.523611071,-103.385277757,
20.7165538150297,-103.29780383753,
20.3918021834176,-103.123644142319,
20.484166645,-102.732777704,
21.792499943,-104.122499979,
20.623611067,-103.24111108,
20.6344894159238,-103.384551370209,
20.5381835763199,-104.039465537111,
21.233611101,-102.548888824,
20.566111044,-102.882499921,
20.720277739,-103.391944405,
20.6627799380549,-103.353498031875,
19.2353910960139,-104.570104134375,
20.7062102324865,-103.365776886515,
20.6720319029033,-103.349147442319,
20.6351760805693,-103.405939967584,
21.2471413407913,-102.329004674958,
19.4452971713052,-98.9708846718616,
19.5929260610282,-99.2668138778021,
18.808611055,-100.148055509,
19.7165382585259,-99.9463160371378,
19.251111098,-99.604722185,
19.4702574712917,-99.0554430381243,
19.5458560549175,-99.1841397126633,
19.5351113625834,-99.1939852406529,
19.5370344128476,-99.1825238374151,
19.2744049676109,-99.6522816342081,
19.5309824389014,-99.197976062973,
19.2661052227084,-99.718606076979,
19.2825505001936,-99.6623418838192,
19.6882227365548,-100.559350507026,
18.6197694111112,-100.889432725417,
19.4152785518732,-101.913296038196,
19.7957263233212,-101.176207744277,
18.6117504981369,-99.1749852479589,
18.8871057875281,-99.1591577457206,
21.5097210634427,-104.897136870681,
25.5748538435566,-100.012176354541,
25.5904569012922,-99.9972249213038,
27.240555526,-100.132222174,
24.995277705,-99.586944411,
25.781666594,-100.188888866,
25.6781193855828,-100.322861080888,
25.6698824642358,-100.320208866264,
25.741666614,-100.302222204,
25.6720155140561,-100.337397475166,
25.675555504,-100.46222217,
25.7280604954183,-100.309998848443,
17.4603355086669,-97.2080680249862,
15.9705224504162,-96.7114635512927,
16.2110019052067,-94.9819915845814,
17.802222184,-96.003888878,
16.3611546774044,-95.0196961020002,
17.24944439,-97.577777724,
17.0732730346538,-96.7450554936119,
16.3385185832081,-95.2268796844843,
20.1739546950134,-98.0738446993468,
19.814166595,-97.344722177,
18.9790577048907,-98.3023327591803,
19.0350847159373,-98.2584360777231,
19.2509319318403,-97.1838394357014,
18.401944423,-97.908611051,
18.463888832,-97.393055513,
19.045277743,-98.197499953,
18.4305555,-97.024999976,
19.0363524903338,-98.3125166200015,
19.045277743,-98.197499953,
19.039516925708,-98.2143282854175,
19.001136941243,-98.2014333212776,
19.81888885,-97.360555512,
20.6327904861404,-100.443538009513,
20.890277723,-99.524444402,
21.9100382693616,-101.384372759563,
22.1865538724999,-101.009970527918,
23.8144224280154,-100.722178288971,
22.183067724832,-100.940896052555,
22.151111102,-98.546388831,
22.125833303,-98.729999934,
21.6577755079451,-99.8234680040145,
22.1536808171393,-100.982858249584,
22.1536547058746,-100.978126596056,
22.1716999794731,-101.008989419138,
24.661111054,-107.507499959,
24.8196455145416,-107.657436342042,
25.7868213478335,-109.016893054254,
24.3176897067154,-107.362405784402,
26.7031769076253,-109.521535521222,
27.1299469020674,-109.840531335431,
29.38777775,-110.191111082,
29.0993968957346,-110.988978833583,
29.0818518992081,-110.95854604939,
18.0318888453881,-92.8996943637239,
18.178611071,-93.0681666598265,
17.831111038,-92.5289443896119,
17.9823332512239,-92.9279999313881,
23.903611065,-99.115555508,
25.76111105,-97.544444392,
25.8393102277641,-97.4603130083738,
25.8390666171105,-97.5201424694717,
24.127222188,-99.262499955,
23.7304246548465,-99.1309863437625,
22.255277753,-97.868611071,
26.092222194,-98.277777736,
27.4930910639982,-99.507598014459,
22.255277753,-97.868611071,
23.7731552287353,-99.1472149555267,
19.4063096885974,-98.1184574903264,
19.4168038718346,-98.1262769129029,
21.677222166,-97.986111064,
20.251388875,-97.515555492,
21.353371087583,-98.2265171864741,
18.8965288170573,-96.9569743868609,
20.899444364,-97.594166613,
18.230277731,-95.338611083,
19.53999996,-96.927499933,
19.077499967,-97.143055523,
19.213333288,-96.880555482,
17.566111044,-94.951944401,
18.530277719,-95.286944423,
18.7466666,-96.966388805,
18.1397819210974,-94.4448030062087,
18.5924313396232,-95.4430530113207,
17.9982790855698,-94.6402191219301,
18.8630182631957,-97.1115416301381,
19.1954010700558,-96.1312649546954,
19.5326968787913,-96.9258443823343,
18.8947988217233,-96.948582419791,
19.5081419018759,-96.8954790969011,
21.0199713790559,-89.6254496728189,
21.2808224492901,-89.6538894075137,
20.9657471397485,-89.5909227333339,
21.5010385882258,-103.549516599554,
22.7657224264602,-102.557531346043,
21.81406,-102.10908,
22.35028,-102.20361,
21.96111,-102.34333,
32.5757,-115.46201,
32.53472,-117.04361,
24.03389,-110.35778,
24.14222,-110.31083,
18.64232,-91.78965,
25.3574,-101.00811,
25.54444,-103.44167,
28.7,-100.52306,
25.28333,-100.9475,
25.40621,-100.99986,
28.69864,-100.52443,
17.02694,-92.36278,
16.59361,-92.5225,
16.77009,-93.38517,
16.14062,-93.1669,
16.73821,-93.12216,
16.83139,-92.30556,
17.28389,-92.59639,
15.47083,-92.53583,
17.02556,-92.26028,
15.87159,-92.72724,
17.50949,-93.11491,
31.59395,-106.42033,
27.26806,-107.31,
30.41333,-107.9125,
28.63528,-106.08889,
28.63528,-106.08889,
27.14,-108.09667,
28.19493,-105.47517,
28.19422,-105.47444,
28.59345,-105.8888,
19.44878,-99.12906,
19.29737,-99.16218,
19.38186,-99.21849,
19.28517,-98.99467,
19.40057,-99.16369,
19.24788,-99.00563,
19.39526,-99.09653,
19.36477,-99.17099,
19.2858,-99.05988,
19.50345,-99.0905,
19.27343,-99.18852,
19.35029,-99.13362,
24.02278,-104.65444,
26.14139,-105.02944,
25.53611,-103.52444,
23.82444,-105.75861,
23.78861,-105.53222,
23.07472,-104.75389,
20.16963,-100.99968,
20.50944,-101.62944,
21.35389,-100.97694,
20.7625,-101.14556,
20.26056,-100.76361,
21.11972,-101.68056,
20.69394,-101.35412,
20.52889,-100.815,
18.36487,-99.51942,
17.20846,-100.43175,
16.85795,-99.9144,
18.36602,-100.67837,
16.9184,-99.82592,
20.175,-99.28694,
20.1036,-98.75982,
21.12836,-102.01044,
20.52361,-103.38528,
20.67639,-103.34222,
19.49833,-103.14139,
20.67425,-103.37418,
20.54947,-102.50922,
20.28355,-103.4284,
20.29,-103.18917,
20.50715,-103.16839,
20.63833,-103.31056,
19.01,-100.28917,
19.68418,-98.87984,
19.29222,-99.65389,
19.28333,-99.73333,
19.60733,-98.97262,
19.56811,-99.76651,
19.52083,-99.85,
19.22889,-99.59167,
19.41528,-98.90111,
18.89889,-99.54556,
18.93833,-100.11111,
19.56369,-99.22155,
19.26522,-99.46239,
19.28639,-99.69109,
19.29222,-99.65389,
19.66864,-99.1774,
19.60972,-99.06,
19.53667,-99.19472,
19.56111,-99.24694,
19.29222,-99.65389,
19.96222,-102.65333,
19.75083,-102.14361,
18.72389,-101.74917,
20.20389,-101.82667,
19.61861,-102.48444,
19.20973,-101.71036,
18.70972,-98.95917,
18.50445,-98.76228,
18.97778,-98.92806,
18.91861,-99.23417,
18.81222,-98.95583,
18.61175,-99.17499,
18.84603,-99.18016,
18.90813,-99.24507,
21.47227,-104.85291,
21.03417,-104.36778,
22.4925,-105.36083,
22.22139,-104.62139,
25.72228,-100.25404,
24.85986,-99.5779,
25.67917,-100.235,
25.67139,-100.30861,
23.85333,-100.01,
25.05917,-99.64694,
25.66417,-100.40167,
25.67915,-100.31707,
25.80861,-100.32694,
24.8605,-99.56883,
17.06119,-96.67986,
16.10611,-97.14417,
16.34056,-96.7175,
18.37819,-97.27381,
20.20302,-97.97616,
19.72,-98.08472,
18.54984,-97.49002,
19.49944,-97.87111,
19.04528,-98.1975,
19.04528,-98.1975,
18.46389,-97.10222,
19.81859,-97.35566,
19.84018,-98.03235,
19.04528,-98.1975,
18.91018,-98.43316,
19.04528,-98.1975,
19.059,-98.23109,
20.60639,-100.33139,
18.56333,-88.48778,
20.62583,-87.08178,
21.15158,-86.85833,
21.95894,-99.39196,
22.26514,-101.11394,
22.11417,-100.95549,
22.14972,-100.975,
21.81222,-98.94222,
22.90528,-100.33972,
21.40389,-99.02444,
22.13856,-100.97439,
21.32083,-99.05222,
22.02887,-100.86829,
21.21472,-98.76889,
24.81024,-107.38319,
23.24344,-106.41402,
23.99083,-106.96583,
25.08111,-108.05556,
25.66167,-108.62667,
23.20534,-106.42735,
24.79194,-107.39806,
26.26861,-109.03722,
24.79194,-107.39806,
24.79194,-107.39806,
24.19028,-106.73889,
24.79194,-107.39806,
24.79194,-107.39806,
24.79953,-107.39098,
29.09889,-110.95417,
31.2981,-110.94108,
28.84028,-111.4775,
18.53361,-92.64694,
17.59039,-92.92322,
18.26514,-93.21981,
26.01946,-98.25362,
22.27639,-97.83139,
23.73611,-99.14611,
25.67414,-97.81447,
22.27639,-97.83139,
26.09222,-98.27778,
19.2544,-98.18875,
19.53,-98.56889,
19.54,-96.9275,
19.80806,-97.06972,
19.54168,-96.90933,
20.59639,-97.25694,
18.17926,-96.09185,
19.19028,-96.15333,
18.20028,-94.6725,
18.8325,-96.31944,
19.1954,-96.13126,
19.50278,-96.95611,
18.89111,-96.93167,
18.13778,-94.43528,
19.19917,-96.13778,
20.44381,-97.0904,
20.70444,-87.99917,
21.16278,-88.19194,
21.28567,-89.65983,
20.39716,-89.54041,
20.88154,-89.75049,
23.17673,-102.86704,
